"product_id","length","width","height"
1,20.1,17.7,7.3
2,11.7,8.9,2
3,10.1,7.5,3.3
4,21.9,14.1,9.8
5,10.8,7.2,2
6,14.2,9.5,5.2
7,20.1,17.7,9.3
8,21.6,15.1,8.4
9,10.7,8.3,2.2
10,12.8,7.2,2.7
11,10.1,7.2,3
12,11.9,8.6,2.8
13,21.5,15.6,7.8
14,22.5,14.2,9.5
15,20.9,15,8.4
16,10.5,7.9,3.7
17,10.9,8,2.8
18,10.7,9,2.1
19,10.4,7.4,2.3
20,19.3,17,7.2
21,13.4,11.4,4.7
22,12.9,7.7,3.2
23,16.5,8.9,5.4
24,14.5,10.4,3.5
25,21.2,16.3,9.6
26,12.5,8,2.6
27,13.9,8.1,4.4
28,18.2,13.7,7.4
29,18.9,17.2,7.7
30,18.4,17.1,7.8
31,22.6,15.1,8.3
32,21,16.5,9.9
33,16.8,8.5,4.9
34,12.7,7.2,3.1
35,11.4,8.5,2.5
36,20.2,16.8,9.3
37,22,14.4,9.8
38,14.8,9.5,5.6
39,11.6,8.8,3.1
40,16.4,8.5,5.3
41,15.8,10.6,3.8
42,22.4,17.8,8.7
43,19.6,17.9,9.7
44,20.3,13.3,9.9
45,12.9,9,2.3
46,21.6,17.7,8.9
47,20.4,17.9,8.5
48,22.3,16.4,8.7
49,13,7.7,2.8
50,10.9,8.3,2.3
51,13.7,8.9,5.2
52,12.1,8.9,3.3
53,11.7,7.4,3.4
54,18.5,16.4,8.3
55,10.3,8.8,2.9
56,13.3,8.9,6.4
57,10.8,7.3,4
58,19.2,14.4,8.8
59,19.9,15.3,7.7
60,19.3,14.5,7.6
61,11.3,7.7,2.7
62,16.6,11.9,4.6
63,12.6,8.2,3
64,16.9,8.3,6.7
65,18.8,16.7,9.8
66,11.5,7.9,3.9
67,10.7,8.4,3.4
68,19.8,15.9,9.2
69,20.1,17.9,9
70,21.9,14.6,9.7
71,12.3,8.8,2.5
72,20.4,17.8,7.9
73,11.1,8.9,4
74,16.5,9.3,4.8
75,14.4,8.4,5.3
76,18.6,15.6,8.6
77,20.5,13,8.2
78,12.5,8.4,3.5
79,12,8.8,3.1
80,12.3,8.5,3.6
81,13.2,8.5,3.1
82,19.7,13.8,9.5
83,10,7.5,4
84,18.5,13.4,9.6
85,11.2,7,3.8
86,20.9,13.3,7.5
87,19.9,16.9,7.6
88,13.6,9.3,5.9
89,22.2,18,8
90,11.1,8,2.5
91,15.6,9.7,5
92,14.8,11.9,3.1
93,12.5,8.5,3.2
94,12,7.4,3.8
95,16,10.7,3.7
96,16.3,8.1,6.5
97,11.6,7,3.5
98,10.2,7.2,2.4
99,15,11.1,4.3
100,12.2,7,3.7
101,13.5,9.1,4.4
102,12.4,7.4,2.5
103,18.3,17.4,8.1
104,21.3,15.4,7.9
105,18.4,14.8,7.1
106,11.6,8.2,3.3
107,19.5,15.4,7.1
108,15.7,10,5.3
109,13.1,11.1,4.8
110,14.3,10.5,6.3
111,13.9,9.4,5.4
112,12.6,7.7,2.1
113,22.7,13.3,7.1
114,22.2,16.5,9
115,13.7,11.4,5.1
116,18.1,17.4,8.8
117,10.4,7.1,2.3
118,20,16.1,7.3
119,21.2,16.7,7.3
120,19.3,17.2,8
121,11.5,7.7,3.2
122,14.4,8.2,4.1
123,22.1,16.8,7.6
124,15.8,8.9,5.4
125,16.5,11.3,4.7
126,15,11.5,6.7
127,13.1,8.8,5.5
128,13.7,10.9,4.1
129,10.3,8.4,3.4
130,11.4,7.9,3
131,13.5,10.5,5.4
132,20.6,13.1,9.6
133,14.4,8.1,3.9
134,19.3,15.9,7.9
135,21.3,15.2,7.7
136,11.4,7.4,3.4
137,18.4,15.6,8.7
138,13,7.1,3.7
139,16.2,12,5.1
140,12.4,7.3,3.7
141,16,11.4,4.8
142,20.3,16.8,7.8
143,16.6,11.1,6.9
144,10.9,8.6,3.9
145,11.9,7.6,3.1
146,21.5,15.6,8.4
147,10.7,7.5,3
148,13.8,9.4,4.5
149,18.9,14.3,8.1
150,10.3,7.1,2.6
151,18.3,17.9,9.1
152,20.1,13.7,9
153,13.6,11.8,5.2
154,14.4,11.8,5.6
155,16.8,11.3,3.7
156,15.5,8.4,5.6
157,18.4,16.1,8.7
158,19.2,17.7,7.1
159,21.1,15.5,9.8
160,14.9,10.6,6.9
161,11.7,8.1,2.8
162,10.8,8.7,2.9
163,21.8,17.8,8.3
164,15,9.7,5.1
165,16.7,9.4,4.7
166,21.9,15.5,9
167,12.3,7.1,3.7
168,22.4,16.3,8.4
169,14,9.1,6.5
170,20.8,16.2,9.5
171,20,15.8,9.3
172,11.3,7.2,3.1
173,19.7,15.7,8.3
174,13.5,10.9,6.6
175,19.6,13.6,9.3
176,10.6,7.3,2.2
177,12.3,7.1,2.1
178,13.6,11.7,5
179,13.7,11,5.6
180,13.2,11.7,4.6
181,16.1,11.4,4.4
182,16.7,10.7,6.9
183,16.4,11.1,5.7
184,12.3,8.6,3.4
185,21.6,15.1,8.5
186,22.6,17,8.3
187,20.3,14.7,7.4
188,20.7,13.9,7.6
189,18.6,13.7,7
190,12.8,7.5,3.4
191,16.5,9.4,4.3
192,20.7,14.1,8.1
193,13.2,10.6,3.4
194,14.1,8.4,3.1
195,16.6,8.7,4.4
196,12.2,8.5,2
197,10.3,7.5,3
198,23,16.1,9.2
199,10.7,7,2.2
200,13,8,3.9
201,11,7.6,2.1
202,14.4,11.7,6.8
203,13.3,9.7,3.4
204,11.5,8.3,3.3
205,12,7.7,2.2
206,20.6,14.8,8.8
207,10.6,8.4,3.3
208,18.4,14.7,8.4
209,15.7,9.2,5.6
210,10.2,8,2.7
211,15.2,8.9,3.8
212,13.5,8.1,3.7
213,19.6,14.7,7.2
214,19.5,15.6,7.2
215,12.6,8.4,3.4
216,15.9,8.2,5.9
217,13.3,8.3,6.9
218,14.1,9.5,6.7
219,18.8,17.4,8.6
220,18.6,13,8
221,10.8,8.7,3.7
222,12.1,8,2.5
223,18.1,16.5,7.7
224,13.6,11.9,3.6
225,12.4,8.2,2.6
226,21.6,16.3,9.9
227,15.9,11.6,3.7
228,22.2,14.1,8
229,13.6,11.9,6.9
230,14.5,10.7,6.4
231,13.1,10.9,6.8
232,10.5,7.1,3.2
233,11,7.5,3.5
234,14,9.8,4.4
235,15.4,11.2,3.7
236,10.7,7.6,2.4
237,14.9,9,4.9
238,22.2,13.1,9.5
239,11.8,7.4,3.1
240,16.7,9.8,3.2
241,13.1,9,4.4
242,11.8,7.7,3.8
243,14.1,11.6,4.7
244,15.8,9.5,5.9
245,10,8.3,3.7
246,12.2,7.2,3.5
247,20.1,16.6,8
248,12,7.5,2
249,11.4,8.1,2.1
250,21.1,17.8,9
251,12.7,8.6,2.7
252,12,7.4,2.4
253,21.6,14.4,9.4
254,14.7,11.8,6.1
255,19.2,13.1,7.2
256,13.2,9.6,3.9
257,16.1,9.3,3.4
258,20.7,16.5,9.4
259,13.8,8.7,6.5
260,22.6,17.1,7.6
261,21.8,17.3,8.7
262,13.5,10.9,4.1
263,19.2,17.3,8.3
264,21.6,17.2,8.6
265,21.7,16.7,8.9
266,13.2,9.5,3.9
267,13.4,10.6,6.4
268,20.1,14.3,9.1
269,22.5,17.9,8.5
270,22.4,17.4,9.7
271,13,9.9,7
272,22.9,16,9.5
273,12,7.2,3.9
274,13.1,11.9,5.6
275,14.9,10.5,6
276,10.3,7.8,2.7
277,10.7,8,3.6
278,22.1,16.2,9.6
279,21.4,17,7.5
280,21.4,16.4,7.3
281,12.6,8.8,2.9
282,10.1,7.1,2.1
283,12.2,8.1,3.2
284,16.9,10.9,4.6
285,20.8,14.9,7.5
286,10.3,8,4
287,19.6,15.2,8.5
288,11.3,8.3,3.2
289,13.4,9.6,4.1
290,11.3,7.6,2.4
291,20.4,15.7,9.1
292,18.2,16.3,9
293,14.3,12,3
294,15.5,9.6,4.3
295,12.8,7.7,2.5
296,18.7,14.8,8.9
297,20.6,17.9,9.7
298,20.1,16,9.8
299,22.8,14.2,9
300,22.4,13.3,8
301,19,15.3,9.8
302,18.2,16.8,10
303,19,16.5,7.2
304,15.9,8.3,4.8
305,22.7,14.6,8.4
306,15,9,6.5
307,13.9,10.4,3.4
308,11.8,8.3,3.7
309,13,8.5,2.6
310,13.5,9.2,6.9
311,12.9,8.2,3
312,13.3,9.1,3
313,16.9,9.6,6.5
314,15.7,11.7,6.5
315,12.9,8.7,3.2
316,12.7,7,3.7
317,16,8.3,3.2
318,16.7,8.6,6.8
319,10.6,8.6,2.5
320,22.8,17.2,10
321,10.5,7.9,3.9
322,15.2,11.3,5.8
323,14.2,10.2,5.7
324,12.4,8.8,2.5
325,22,13.2,8.1
326,11.9,8.4,2.4
327,13,11.6,6.2
328,21.2,15.2,8.2
329,20.4,14.2,8.5
330,12.4,8,3.4
331,21,15,8.5
332,12.9,8.2,2.7
333,15.6,8.2,4.5
334,11.2,8,3.5
335,16.2,10.3,3.7
336,21.2,14.7,8.8
337,12.6,8,3.8
338,13.8,8.9,3.1
339,10.4,8.2,3.2
340,22.8,17.3,7.3
341,20.4,16.6,9.2
342,18.8,17.4,9
343,20.5,15.3,7.6
344,12.6,9,3.1
345,12.1,7.7,3.3
346,12.4,7.5,3.2
347,10.6,7,2.7
348,11.2,7.1,2.3
349,19,13.2,8.6
350,10.3,8.7,3.1
351,21.2,17.5,9.6
352,16.7,11.5,3.6
353,10.6,8.4,3
354,13.4,11.5,3.7
355,20.2,16,9.6
356,16.7,10,4.9
357,21.6,16.5,8.8
358,10.7,8,2.1
359,12.5,8.5,3.9
360,18.3,14.2,8.7
361,12.8,8.3,3.1
362,13.7,10.6,5.6
363,14,11,4.3
364,16.2,10,5.8
365,20.1,17.9,7.8
366,12.1,8.1,3.5
367,12.7,8.8,2.4
368,16.8,8.2,3.9
369,11.2,7.9,3
370,11.8,8.5,2.4
371,10.7,8.8,2.1
372,20.9,14.4,9.1
373,11.8,8.4,2.9
374,15.2,11.9,5.4
375,16.9,10.5,3.6
376,16.3,11.5,3.1
377,10,8.5,3.5
378,16.6,9.4,4.5
379,22.9,17.1,9.9
380,12.3,7.4,3.2
381,12.3,8.6,2.9
382,22.5,15.2,9.3
383,20.2,15,8.3
384,10.1,7.8,3.6
385,14.7,10.5,6.7
386,16.7,10.4,3.4
387,21.2,15.6,9.1
388,15.9,11.4,4
389,21.2,17.3,7.7
390,14.2,8.8,3.5
391,13.6,9.3,5.3
392,11.2,8.5,3.1
393,15.6,11.3,6.8
394,10.6,7.5,3.4
395,11.8,7.6,2.6
396,11.3,8.3,2.6
397,11.9,8,2.8
398,12.6,8.4,3.8
399,17,11.9,6.3
400,11.2,8.7,2.3
401,21.8,14.8,10
402,21.2,13.1,8.3
403,10.1,7.6,3
404,19.4,15.1,9.6
405,22.6,17.6,7.1
406,20.9,14.5,7.5
407,11.8,7.8,3.4
408,15.7,8.8,6.3
409,16.9,11.6,3.6
410,13.6,10.8,6.1
411,16.1,11.6,5.5
412,12,8.6,2.9
413,22.8,17.3,7.2
414,12.3,8.6,3.6
415,16.4,8.6,4.7
416,12.6,7.4,2.8
417,22.9,15.3,9.6
418,12.6,7.7,3.6
419,10.2,7.6,3.7
420,10,8.7,2.2
421,16.6,10,5.9
422,21.7,15.2,9.7
423,20.6,15.2,7.2
424,12,7.8,4
425,14.5,9.4,5.8
426,16.6,9.1,5.9
427,20.5,14.9,8.6
428,20.6,13.8,7.5
429,10.5,7.9,2.7
430,13.5,10.3,6.9
431,10.8,8.1,2.7
432,11.2,8.3,2.2
433,15,8.3,4.4
434,10.2,7.3,3.1
435,14.5,8.5,4.1
436,12.8,8.5,3.5
437,21.6,14.3,9.2
438,19.6,16.1,9
439,15.2,10.8,3.8
440,12.6,7.4,3.2
441,11.4,8.8,2.6
442,16.2,9.2,5.2
443,20.2,13.4,8.9
444,20.3,16.9,8.1
445,11.3,8.1,2.7
446,12.9,8.2,2.6
447,10.8,7.2,2.7
448,20.4,17.8,8.7
449,21.1,15.7,8.2
450,12.7,7.6,2
451,10.3,7.1,2.1
452,13.7,9.3,4.2
453,20.6,14.7,7.6
454,11.2,8,2.9
455,18.2,14,9.2
456,12.6,9,3.9
457,18.4,14.6,8
458,21.7,17.1,9.8
459,22.9,17,9
460,19.9,17.5,10
461,10,8.8,2.8
462,15.6,9.3,4.5
463,22.5,17.3,7.7
464,10.3,7.7,3.6
465,12,8.3,3.5
466,19.2,16.7,9.1
467,19.3,16.5,7.2
468,13.7,8.4,5.4
469,12.7,8.6,3.6
470,21.1,16.4,8.8
471,13.5,10.4,6.5
472,23,17.5,7.5
473,11.7,7.7,2.5
474,10.8,9,2.6
475,14,11.5,3.5
476,13.2,11.1,5.1
477,13.4,11.3,4.6
478,10.9,8.5,2.5
479,22.9,14.9,7.3
480,20.5,16.5,8.6
481,15.2,9.3,4.2
482,10.8,8.9,2.9
483,15.5,10.4,3.5
484,21.2,14.8,8
485,15.5,11.1,3.8
486,18.9,13.6,10
487,16,8.3,4.8
488,20.2,13.2,7.1
489,13,11.4,6.5
490,19.1,14.8,7
491,13.5,9.5,4.2
492,10.5,8.5,3.4
493,22.9,16.1,9.6
494,14.6,8.4,4
495,11.7,8.8,3.1
496,12.6,8.5,3.1
497,16.1,10.3,6.9
498,12.1,8,3.4
499,12.6,7.3,3
500,18.8,15,8
501,19.3,15.8,9.6
502,20.4,14.7,7.7
503,11.1,8.3,3.2
504,10.4,7,3.2
505,22.4,17,8.8
506,19.2,17.3,7.6
507,16.4,11,4.5
508,13.3,11.7,6.9
509,16.8,11.2,6
510,14.9,11.2,4.8
511,15.6,9.5,6.6
512,11.9,8.8,4
513,15.4,11.2,4
514,12.4,7.8,3.6
515,15.3,11.3,3.1
516,10.9,8.4,3.7
517,13.3,11.9,5.6
518,19.8,14.3,8.4
519,18.7,15.5,9.2
520,16.2,9.4,4.6
521,22,15.3,9.5
522,19.3,16.9,8.8
523,15.6,9,5.5
524,15.9,8.1,5.7
525,14.3,10.4,3.2
526,14.1,10.3,3.4
527,11.5,8.4,2.2
528,15.6,8.5,3.8
529,11,8.7,3
530,14,10.8,3.4
531,12.4,8.2,3.7
532,12.9,8.4,3.8
533,10.9,8.6,3.6
534,12.3,7.4,2
535,22.4,14.1,7.4
536,14.8,8.7,6.6
537,22.6,17.3,7.8
538,14.6,8.5,6.1
539,13.4,11.3,5.7
540,16,9.2,6.7
541,19.4,17.8,7.7
542,21.1,13.4,7.6
543,10,7.7,2
544,22.1,13.5,9
545,20.3,15.5,9.5
546,11.8,7.6,2.3
547,14.4,8.4,3.3
548,16,11.2,5.1
549,16.6,10.3,5.6
550,10.6,8.4,3
551,21.5,17.1,8.1
552,12.6,8.6,2.7
553,14.7,11.1,6.3
554,14.1,8.1,7
555,14.9,8.1,3.2
556,12.4,7.8,3
557,18.7,13.3,7.4
558,13,7.1,3.6
559,12.1,7.8,3.3
560,15.7,8.2,6.9
561,13,8.1,2.9
562,10.1,8.1,2.6
563,13.6,11.5,3.5
564,14.7,11.9,3.8
565,22.2,13.2,9.4
566,20.6,14.4,7.8
567,11,8.3,2.5
568,10.8,8,4
569,18.4,17.4,7.6
570,16.3,10,5.2
571,11.1,8.1,3.3
572,15.7,8.1,6
573,19.5,14.5,7.3
574,20.3,17.9,7.7
575,21.6,17.3,8
576,10.3,8.7,3.1
577,12.3,7.6,2.4
578,12.3,8.5,3
579,11,8.4,3.9
580,13.3,11.8,4
581,16.9,9.1,6.5
582,19.4,14.6,7.6
583,22.6,14.1,9
584,22.2,15,7.6
585,15,10.6,4.5
586,13.1,9.2,4.2
587,12.6,7.8,2.2
588,19.8,13.7,8.4
589,16.1,9,3.3
590,11.7,7.5,2.9
591,16,8.1,4.2
592,13.9,11.5,5.9
593,10.6,7.4,2.5
594,19,18,8.1
595,14.6,8.1,6.9
596,15.9,9.4,3.6
597,21.4,14.2,9.1
598,11.7,7.5,2.4
599,22.1,17.1,8.8
600,19.2,13.1,8.8
601,19.5,16.2,8.7
602,20.9,14.4,9.1
603,15.1,8.9,3.8
604,13.4,10.6,4.5
605,20.7,15.3,7.4
606,12.3,7.7,3.7
607,13.4,8.3,3.8
608,22.8,16.2,9.2
609,11.2,8.4,3.1
610,20.4,15,9.3
611,20.9,16.2,9.5
612,12.5,7,2.5
613,14.2,11.6,4
614,21.7,14.8,7.8
615,13.3,9.4,6.6
616,19.6,15.5,7.4
617,15.1,9.2,5.1
618,13.3,8.7,6.3
619,15.4,9.9,6.1
620,19.1,17.3,7.3
621,11.4,8,3.4
622,22.4,16.9,7.9
623,19,14.1,7.5
624,10.3,8.9,3.1
625,11.1,7.7,3.6
626,14.3,8.5,4.4
627,22.8,13.6,8.5
628,22.4,16.4,9.4
629,22.9,13.1,7.9
630,21.3,13.1,8.8
631,10.2,8,3.4
632,14.2,9,5.2
633,16.1,10.6,3.3
634,15.9,9,6
635,12.6,8.2,3.5
636,14.1,11.6,6.7
637,14.2,11.2,5.2
638,14,9.2,6.6
639,15.9,10.5,6.9
640,18.7,14.2,7.1
641,19,16.7,8.7
642,10.3,8.5,4
643,16.7,9,3.7
644,15.5,9.5,3.3
645,10.9,8.5,2.8
646,16.1,8.2,5.5
647,18.5,18,9.1
648,13.9,10,5.1
649,21.6,16.7,8.9
650,18.3,16,8.2
651,20.9,14.6,7.6
652,16.6,10.2,4.7
653,16.4,9.3,6.1
654,11,7.1,3.4
655,13,10.7,7
656,18.2,13.9,9.7
657,16.3,11.4,6.2
658,22.8,14.2,7.3
659,10.4,8,3.1
660,10.8,7.9,3.7
661,15.9,10.7,4.4
662,13.2,9.3,3.3
663,13.9,10.3,6.8
664,19,16.9,8.9
665,10,7.7,2.6
666,18.9,15.7,9.3
667,22.6,16.5,7.1
668,22.5,17.2,8.1
669,15.1,10.4,3.1
670,20.1,15.3,8.3
671,10.6,8.5,3.1
672,10.2,8.2,2.8
673,13,8.1,3.5
674,16.6,11.8,3.1
675,10.8,8.4,2.1
676,11.9,7.1,3.3
677,10.8,7.5,2
678,20.9,17.3,8.5
679,17,10.7,6.7
680,13.6,11.3,6.7
681,16,9.8,3
682,13.3,9.5,4.8
683,14.4,11.7,3.7
684,13.3,9.6,6.7
685,19.9,15.9,8.2
686,10.7,8.8,3
687,18.3,15.8,7.7
688,22.9,17.1,9.5
689,16.8,10.4,3.4
690,22.4,14.9,8.2
691,20.6,13.9,8.1
692,19.9,13.8,9.9
693,20.9,14.3,7.6
694,16.1,9.9,4.8
695,16.5,8.1,3.2
696,16,10.2,4.3
697,14.6,8.6,4.8
698,19.8,14,8.6
699,15.9,10.8,4.3
700,16,8.2,4.2
701,14.5,10.6,4.2
702,13.3,10,3.5
703,18.9,13.7,9.4
704,20.5,14.9,7.9
705,10.4,7.7,3.4
706,15.7,11.9,3.6
707,17,11.6,4.4
708,14,8.1,5.8
709,12,8,2.2
710,12.6,7.4,4
711,13,7.6,2.1
712,14.7,8.6,5.8
713,20.4,17.3,7.1
714,22.5,15.2,9.4
715,18.7,17.7,9
716,10.2,7.6,3.1
717,21.2,15.2,7
718,23,13.7,9.8
719,12.7,7.8,2.7
720,16,10.4,4.6
721,12.1,7.1,2.1
722,16.1,10,4.4
723,12.6,8.4,3.5
724,14.8,10.9,3.2
725,12.5,7.6,2.3
726,16.2,9,5.8
727,20.3,16.6,8.5
728,20.3,15.1,7.6
729,12.9,8.7,3.9
730,21.4,13.9,9.7
731,12.3,7.3,2.4
732,15.5,9.7,5.6
733,20.1,15.7,8.6
734,22.6,15.1,9.1
735,18.1,14.8,8.1
736,10.7,8.6,3.1
737,19.3,14.2,9.9
738,19.6,14.2,8.9
739,10.9,8.7,3.6
740,15.6,10,5.3
741,12,7,2.8
742,16.8,8.3,4.1
743,15.4,10.7,3.7
744,16.6,9.8,5.2
745,12.5,7.5,2.7
746,12.4,7.2,3.9
747,20.6,17.9,8.3
748,12.7,7.6,3.8
749,18.5,16,8.8
750,11.9,8.3,3.8
751,20.8,13.7,7.7
752,18.5,14.2,7.7
753,10.7,7.3,2.1
754,10.3,7.3,3.5
755,10.9,9,3.7
756,18.9,16.5,8.8
757,18.1,15.2,9.7
758,10.4,7.5,2.9
759,11.2,8.6,2
760,12.9,8.9,3.6
761,16.7,8.1,3.6
762,12.6,8.2,3.8
763,19.3,17.2,9.4
764,14.6,10.6,4.4
765,20.1,16.8,7.1
766,19.7,13.6,7.5
767,14.3,9.8,4.3
768,18.2,14.8,8.3
769,14,10.7,5.2
770,18.2,16.7,9.6
771,20,18,8.7
772,12.1,8.1,2.1
773,14.6,8.7,6.6
774,11.8,8.4,2.6
775,18.1,13.3,9.3
776,11.8,7.5,2.7
777,13.9,9.9,3.7
778,11.1,8.5,3.1
779,13.6,10.9,6.4
780,21.4,16.8,7.1
781,12.3,8.8,4
782,10.5,7.7,3.6
783,10.5,8.1,3
784,14.3,11.7,3.9
785,20.5,13.5,7.7
786,21.8,13.7,7.4
787,21.9,13.7,9.5
788,12.1,7.1,2.4
789,20.3,16.3,7.5
790,21.8,13.5,7.2
791,11.1,8.1,2.9
792,14.4,12,4.8
793,13.1,8.4,6.1
794,21.5,17.2,7.7
795,13.6,10.4,3.1
796,12.1,8.5,2.4
797,20.6,13.5,7.4
798,22.6,17.7,9.2
799,15.6,8.9,5.2
800,20.1,14.1,9.8
801,10.5,8.3,2.6
802,14.7,12,6.2
803,13.2,10.9,4.3
804,16.3,10.5,5.6
805,12.9,7.2,3.5
806,10.8,7.4,2.6
807,18.4,14.4,8.1
808,22.3,15.6,7.7
809,10.1,8.9,2.6
810,12.8,8.1,2.1
811,12.5,7.9,3.7
812,16.6,10.3,5.8
813,21.7,17,9.5
814,21.1,15.5,8.2
815,12.1,7.3,2.8
816,15.5,11.9,6.9
817,15.9,11,4.4
818,22.7,16.6,7.8
819,10,8.3,2.7
820,21.5,16.1,7.5
821,20.4,14.4,8.3
822,12.3,8.2,3.6
823,14.2,9.9,3.7
824,21.9,15.2,7.3
825,10.5,7.1,2.7
826,23,16.3,8.2
827,21.2,14,7.3
828,18,14.6,7.1
829,19.9,14.7,8.6
830,12.9,7.4,2.4
831,10.2,7.1,3.9
832,14.6,11.1,4.6
833,22.8,15.2,8.3
834,21.7,17.3,9.6
835,13.8,8.4,6.4
836,14.6,9.1,6.6
837,12.2,8.4,2.1
838,16.7,9.2,5.6
839,14.5,11.9,5.3
840,11.8,7.7,2.8
841,22.8,16.5,7.4
842,20.2,16.6,7.2
843,11.9,7.9,3
844,10.8,8.9,3.1
845,14.9,10.2,6.6
846,10.7,8.3,3
847,12.6,7.6,2.4
848,10.3,7.9,3.5
849,11.4,8.4,3.3
850,10.1,7.4,2.7
851,13.8,9.3,6.2
852,18.6,15.1,9.9
853,14.2,10.9,3
854,22.5,14.8,8.2
855,18.5,16.5,9.5
856,21.8,13.9,8
857,18.9,16.2,8.8
858,15,10.7,5.9
859,15.2,9.3,6.6
860,11.1,7.6,3.2
861,16.3,10.7,5.4
862,11.9,8.6,2.9
863,20.1,16.1,7.8
864,14.1,11.9,5.7
865,22.9,17.8,8.3
866,10.3,8.7,2.3
867,11.7,8,3.5
868,19,14.6,9.1
869,21.6,14,7.3
870,20,16.1,7.1
871,12.2,7.7,3.5
872,13.5,11,6.6
873,19.8,14.1,8
874,12.1,7.3,3.3
875,10.1,7.2,3.7
876,11.2,7,4
877,14,11.3,3.9
878,11.1,8,3.7
879,19.6,17.2,9.5
880,15.3,11.1,4.3
881,21.1,16.2,7.6
882,20.1,17,9.7
883,12.3,9,2.3
884,19.2,17.8,9.6
885,19.4,14.4,7.8
886,14.4,11.7,5
887,20.2,16,7.6
888,11.9,8.2,2.7
889,12.1,8.1,3.1
890,12,7.1,2.5
891,14.9,11.2,7
892,12.9,7.5,2.5
893,11.4,8,2.3
894,11,8.3,3.6
895,11.9,8.4,3.2
896,22.8,14.3,8.7
897,13.9,9.9,4.1
898,10.5,8.1,2.4
899,16,11.5,6.4
900,11.9,8.5,3
901,22.8,13.5,7.6
902,10.3,8.9,3.9
903,10.2,7.6,3.3
904,20.7,14.2,9.3
905,20.1,15.8,9.7
906,21,17.6,9.9
907,14,10.2,5.4
908,11.8,8,3.7
909,12.3,8.5,3.3
910,22.8,14.6,9.8
911,15.3,8.7,6.2
912,22.6,14.2,7.3
913,18.5,15.2,9.1
914,21.6,13.6,9
915,11.3,7.3,3.2
916,11.2,8.8,3.2
917,11.9,8.6,3.9
918,12.8,7.5,3.2
919,12.6,7.5,2.6
920,10.7,7.7,2.1
921,21.3,14.9,7.1
922,15.1,11.1,6.4
923,19.7,16.2,7.7
924,12.4,8.3,4
925,11.9,8.8,2.6
926,14.9,11.4,3.1
927,18.7,16.8,7.2
928,13.5,11,3.3
929,16.2,10.1,3.9
930,16.8,11.2,3.4
931,13.3,8.7,3.3
932,10.6,7.6,3.5
933,11.7,8.6,3.6
934,13.3,10.2,4.9
935,20.1,17.8,9
936,12.9,7.9,3.2
937,13.9,8.7,3.1
938,14.3,8.3,6.6
939,16.7,8.8,6.5
940,16.1,10.8,4.3
941,11.1,8.5,2.9
942,20.8,14,9.6
943,21.2,14.1,7.1
944,19.4,15.3,8.2
945,13.7,10.8,4.8
946,14.4,10.6,4.2
947,13.6,8.2,3.5
948,10.4,8.4,3.1
949,14,8.3,4.6
950,22.3,13.8,8.9
951,10.6,7.5,2.6
952,19.6,17.4,9
953,14.8,9.5,3.5
954,14.2,9.9,4.1
955,11.9,7.6,3.4
956,12.8,7.2,3.6
957,20.7,13.7,8.6
958,20.9,15.2,7.1
959,22.2,16,7.8
960,18.4,16.9,9.9
961,11.3,8,4
962,20.8,15.5,9.7
963,12.5,8.8,3.5
964,20.3,17.3,9
965,20.2,14.2,8.5
966,10.8,7.1,3.3
967,19.2,16.9,7.1
968,10.4,7.9,2.8
969,22.4,17,8.3
970,10.4,7.4,2.3
971,11.3,8.7,2.8
972,14.2,8.5,5.6
973,13.8,8.6,4.6
974,11.6,7.4,2.5
975,16,9.6,4.3
976,22.1,17,8.8
977,15.2,8.7,6.7
978,10.4,8.3,2.4
979,13.1,11.6,4.1
980,12.7,8.5,4
981,15.2,10.7,3.7
982,10,7.9,3.1
983,14,10.7,3.8
984,14.7,10.9,5.3
985,16.2,9,4.2
986,21.7,17.8,9.6
987,10.8,8.7,3.9
988,12.9,8.5,2.2
989,22,15.8,8.9
990,16.5,11.3,5.5
991,22.2,13.3,8.3
992,17,10.5,5.1
993,12.2,8.3,3.5
994,13.8,11.9,6.5
995,16.8,9,5.8
996,16.4,11.9,5.2
997,21.2,16.1,8.2
998,22.1,15.1,7.4
999,13.3,12,3.9
1000,16.3,9.3,3.7
1001,14.6,9.2,4.6
1002,10.5,7.7,2.4
1003,11,8.6,2.7
1004,15.3,10.2,5.6
1005,18.4,15.5,7.5
1006,11.1,7.2,2.4
1007,19.5,17,8.7
1008,22.1,15.7,9.3
1009,12.6,8.9,2.5
1010,10.3,8.5,3.7
1011,20.5,15.9,8.7
1012,13.7,9.6,6.2
1013,15.3,11.4,3
1014,21.1,17,8.1
1015,16.7,9.6,3.9
1016,18.8,17.1,9.4
1017,12.3,9,2.8
1018,12.6,8.8,2.1
1019,21.5,17,9
1020,15.4,10.4,7
1021,22,16.3,7.1
1022,12.5,9,2.1
1023,20.1,13.4,8.7
1024,19.3,13.3,8.2
1025,13.1,9,5.9
1026,16.6,11,5
1027,16.4,8.4,3.9
1028,11.5,7.2,2.3
1029,11.5,7.8,3.9
1030,22.5,14.8,9.7
1031,12.5,7.5,3.6
1032,13.6,10.6,6.6
1033,11.3,7.1,2.7
1034,10.2,8.1,3.7
1035,20.7,14.8,9.2
1036,12,8.7,2.5
1037,22,16.4,10
1038,16.3,8.3,3.7
1039,21.7,16.2,9
1040,13.1,10.4,5.1
1041,13.1,9.2,4.7
1042,12.9,8.3,2.9
1043,20.8,15.8,8.7
1044,21.4,13.2,8.9
1045,13.5,11.6,6.1
1046,15.8,8.8,3.8
1047,15.8,11.1,3.9
1048,10.1,8.4,3.6
1049,22.6,13.5,9.7
1050,19.2,17.9,7.1
1051,20.8,17.1,9.8
1052,11.6,7.8,3.8
1053,16,9.4,6.6
1054,12,8.7,4
1055,14.9,10.4,3.8
1056,21.7,14.7,8.2
1057,20.9,16.3,9.4
1058,14.5,10,6
1059,16.2,9.7,3
1060,21.5,15.2,8.1
1061,13,8.8,3.5
1062,22.3,14.3,7.9
1063,16.1,10.7,3.1
1064,16.9,8.1,4.9
1065,21.3,13.5,7.1
1066,13.4,9.2,3.7
1067,22.9,17.5,10
1068,16.7,11.2,6
1069,14.5,8.6,6.8
1070,10.4,8.2,2.5
1071,22.4,14.5,9.7
1072,21.3,13.8,8.8
1073,10.6,8,4
1074,14.9,10.8,3.1
1075,16.5,8.9,5.6
1076,12,7.6,3.5
1077,15.6,8.8,6.4
1078,18.7,16.8,8.2
1079,21,17.5,7.8
1080,10.8,8.8,2.8
1081,13.5,10,5
1082,10.2,7.8,2.8
1083,12.5,7.8,2.1
1084,19.1,17.4,7.1
1085,21.8,13.8,9.3
1086,14.2,10.6,3.3
1087,10.6,7,3.8
1088,10.6,8.1,3.2
1089,18.1,13.3,9.9
1090,16.5,10.4,3.1
1091,16.7,9.9,4.8
1092,12,8.3,3.3
1093,12.6,8.4,3.9
1094,13.4,11,3.9
1095,22.8,15.8,9.1
1096,13.5,9.4,3.5
1097,12.5,7.8,3.1
1098,16,8.4,5.8
1099,12.8,7.2,2.8
1100,19,16.8,9.7
1101,16.4,10.4,6
1102,12.9,7.6,2.7
1103,12.3,7.5,2.7
1104,10.9,8.2,3.7
1105,12.6,7.1,3.7
1106,18.9,16,7.9
1107,18.2,17.8,8.4
1108,20.6,13.2,7.3
1109,12.8,7.6,2.6
1110,14.2,8.8,3.9
1111,22.8,14.5,8.3
1112,12.9,7.4,3.6
1113,15.9,8.5,4.1
1114,13.9,10.1,5.2
1115,11.2,8.7,2.1
1116,19.4,15.8,9.1
1117,13.4,11.4,4.8
1118,11.2,8.6,3.6
1119,12.9,7.4,3.6
1120,16.1,10.1,4
1121,19.8,14.8,9.2
1122,10.1,7,2.6
1123,22.3,16.7,9.5
1124,21.7,17,8.1
1125,12.4,8.8,2.2
1126,22.7,13.1,9
1127,14.4,9.8,4.2
1128,15.9,9.6,3.1
1129,20.1,13.2,9.4
1130,12.2,8.8,2.6
1131,22.2,16.8,9.6
1132,22.1,13.2,7.3
1133,10.3,8.3,3.4
1134,14.2,9.2,6.9
1135,11.8,8.2,3.2
1136,22.1,13.2,8.7
1137,10.6,7.3,2.7
1138,15,11.5,5.3
1139,13.1,10.4,6.1
1140,15.4,9.6,3.4
1141,16.1,10.3,3.6
1142,22.7,17.6,8.8
1143,22.2,14.5,8.5
1144,15.7,8.2,4.6
1145,14,11.5,6.3
1146,12,8.7,4
1147,14.4,10.5,5.8
1148,21.2,15.5,9
1149,10.6,8,2.3
1150,20.1,17.4,7.1
1151,19.7,15,8.7
1152,19.8,15,7.2
1153,12.7,8,3.6
1154,19.3,16.8,7.9
1155,12.1,7.2,2.1
1156,12.4,7.9,2.7
1157,20.6,15.4,9.6
1158,21.2,16.5,8
1159,16.4,11.9,3.1
1160,19.7,14.9,7.9
1161,15.4,10.2,6
1162,21.1,17.6,9.4
1163,21.4,15.5,8.9
1164,21.9,14.8,7.3
1165,16.1,9.7,4
1166,11.3,8.6,3.7
1167,10,8.5,4
1168,22.2,17.7,7.8
1169,10.5,7.5,3.8
1170,15.9,10.9,5
1171,11.7,7.5,2.6
1172,18.1,17.9,8.8
1173,20.2,14.6,7.7
1174,21.1,14.5,8.8
1175,12.4,8.3,2.4
1176,15.4,8.8,3.4
1177,11.6,8.4,2.3
1178,20.8,17.2,9.4
1179,18.1,16,7.5
1180,12.7,8.4,2.8
1181,18.4,13.8,9.9
1182,21,14.8,8.4
1183,15.9,8.7,5.4
1184,12.6,7.1,2.6
1185,19.6,16.3,7.7
1186,20.8,16.6,9.7
1187,14.4,11.2,3.4
1188,12.2,7.7,3.9
1189,16.6,10.3,5.6
1190,12.4,8.8,3.2
1191,10.4,9,3.8
1192,15.1,9.9,4.1
1193,11.1,7.4,2.1
1194,13.2,11.4,6.7
1195,16.8,10.4,4.4
1196,10.5,7.4,3.2
1197,11.7,8.1,3.2
1198,14,9.6,6.2
1199,21.5,16.7,10
1200,16.1,9.8,4.7
1201,12.8,7.7,3.6
1202,10.2,8.6,2.2
1203,22.1,14.6,7.6
1204,22.4,14.9,8.3
1205,16.6,10.4,6.6
1206,16.4,9.2,4.6
1207,21.1,13.8,8.7
1208,14.5,9.2,6.4
1209,14,10.9,3.7
1210,18.8,14.1,8.8
1211,18.7,13.1,8.6
1212,18.3,16.8,8.8
1213,11.6,8.6,3.2
1214,13.2,8.6,3.7
1215,14.7,10.4,6.6
1216,16.3,8.8,4.3
1217,22.6,15.2,8.1
1218,12.6,8.8,3.2
1219,12.2,8.5,3.1
1220,13.2,10.2,3.6
1221,10.6,7.9,3.7
1222,22.5,17.3,8.4
1223,10.4,7.5,3.5
1224,22.3,15.1,8.7
1225,10.8,7.6,2.6
1226,12.2,8.5,3.4
1227,20.1,13.7,8.9
1228,13.6,10.2,4
1229,15,10.8,4.4
1230,12.6,8.5,3.5
1231,19,15.6,9
1232,16.7,9.2,4.7
1233,15.2,11.4,4.8
1234,21,13.7,9.5
1235,10.8,7.1,2.3
1236,13.6,8.5,6
1237,13.7,8.7,5.5
1238,12.1,8.7,3
1239,21,17.5,7.3
1240,19.4,16.6,8.3
1241,21.4,14.7,9.5
1242,10.9,8.3,2.6
1243,11.7,7.2,2.7
1244,13.6,10.6,5.3
1245,16.3,8.6,3.6
1246,16.8,8.4,5.2
1247,18.8,14.2,9.6
1248,10.5,8.7,3
1249,10.3,7.7,2.9
1250,13.7,9.5,3.7
1251,13.3,11.5,4.8
1252,10.4,7.5,3.9
1253,12.2,8.4,3.2
1254,19.8,15.6,9
1255,22,14.1,9.4
1256,21.7,17.5,9.2
1257,11.6,7.7,2.4
1258,11.5,7.8,3.7
1259,15.6,10.4,6
1260,19.3,16.2,9
1261,11.8,7.4,2.3
1262,19.5,16.1,8.7
1263,14,10.4,4.5
